{
  "project_info": {
    "project_number": "117942232274",
    "firebase_url": "https://jreport-6683c.firebaseio.com",
    "project_id": "jreport-6683c",
    "storage_bucket": "jreport-6683c.appspot.com"
  },
  "client": [
    {
      "client_info": {
        "mobilesdk_app_id": "1:117942232274:android:29dd737af5ec8f1e8eb90b",
        "android_client_info": {
          "package_name": "com.lab.jreport"
        }
      },
      "oauth_client": [
        {
          "client_id": "117942232274-akemb2vvfqahfsr9amsm7v8oeb4g0k9j.apps.googleusercontent.com",
          "client_type": 3
        }
      ],
      "api_key": [
        {
          "current_key": "AIzaSyBOu7M1USHxL_GkjIiu028ict3ktMmywTc"
        }
      ],
      "services": {
        "appinvite_service": {
          "other_platform_oauth_client": [
            {
              "client_id": "117942232274-akemb2vvfqahfsr9amsm7v8oeb4g0k9j.apps.googleusercontent.com",
              "client_type": 3
            }
          ]
        }
      }
    }
  ],
  "configuration_version": "1"
}